Source_Material,Outcome,Specimen_Storage_Time_Comparison,ICC_adjusted,ICC_adjusted_CI_lower,ICC_adjusted_CI_upper
Buccal Cells,observed_features,1 Month,0.942455042451804,0.865292308301882,0.976605841441137
Buccal Cells,observed_features,12 Months,0.913439169790637,0.805710523917407,0.965873918698318
Buccal Cells,observed_features,5 Years,0.958274009170381,0.903388184418385,0.982144068530332
Buccal Cells,shannon_entropy,1 Month,0.94647489371291,0.897169092043857,0.977442469973314
Buccal Cells,shannon_entropy,12 Months,0.938377457346735,0.862469909041329,0.974648441459768
Buccal Cells,shannon_entropy,5 Years,0.93960009228862,0.877656040209932,0.975500471250027
Buccal Cells,pielou_evenness,1 Month,0.878233010644125,0.691795443248628,0.941335584204641
Buccal Cells,pielou_evenness,12 Months,0.919605832779406,0.807289098975232,0.958510552957987
Buccal Cells,pielou_evenness,5 Years,0.892227221372171,0.74216389268239,0.957378859871601
Buccal Cells,faith_pd,1 Month,0.92830650462423,0.820734608650991,0.966690955223414
Buccal Cells,faith_pd,12 Months,0.873118433714129,0.678482338720461,0.937575210876923
Buccal Cells,faith_pd,5 Years,0.938410773768644,0.824960549688152,0.975284678176991
Buccal Cells,bray_curtis_PC1,1 Month,0.987097511538178,0.968402269913945,0.99603371670435
Buccal Cells,bray_curtis_PC1,12 Months,0.989075450890477,0.947700076863995,0.996413857422217
Buccal Cells,bray_curtis_PC1,5 Years,0.97254010394261,0.932517457042775,0.990280470811508
Buccal Cells,bray_curtis_PC2,1 Month,0.983643288703838,0.955805826283067,0.992317339658228
Buccal Cells,bray_curtis_PC2,12 Months,0.97625217170877,0.914529793113746,0.991166008195302
Buccal Cells,bray_curtis_PC2,5 Years,0.977491571680985,0.945346982109007,0.991237052931151
Buccal Cells,jaccard_PC1,1 Month,0.961750844703556,0.922417042534205,0.984586535346507
Buccal Cells,jaccard_PC1,12 Months,0.9840980445684,0.96191839532346,0.993686611458114
Buccal Cells,jaccard_PC1,5 Years,0.968739812876412,0.929275087333069,0.99163205069981
Buccal Cells,jaccard_PC2,1 Month,0.974778317739601,0.943916808778697,0.990200602683907
Buccal Cells,jaccard_PC2,12 Months,0.986955526323444,0.964751721603698,0.995147113833286
Buccal Cells,jaccard_PC2,5 Years,0.98213739095489,0.96647455552501,0.993894769140506
Buccal Cells,unweighted_unifrac_PC1,1 Month,0.956941113348558,0.874871679651066,0.976670334984025
Buccal Cells,unweighted_unifrac_PC1,12 Months,0.935920433561018,0.857603363353568,0.963510488059165
Buccal Cells,unweighted_unifrac_PC1,5 Years,0.955038174406481,0.919376793953743,0.987640347709866
Buccal Cells,unweighted_unifrac_PC2,1 Month,0.947099762069722,0.858840751017971,0.977683972909225
Buccal Cells,unweighted_unifrac_PC2,12 Months,0.934652938782373,0.862849930612324,0.968654673250348
Buccal Cells,unweighted_unifrac_PC2,5 Years,0.956980291870838,0.883299797751424,0.98250348434886
Buccal Cells,generalized_unifrac_PC1,1 Month,0.876505643669188,0.721065130917188,0.963468769639925
Buccal Cells,generalized_unifrac_PC1,12 Months,0.873440266530783,0.627416570542674,0.95319850848355
Buccal Cells,generalized_unifrac_PC1,5 Years,0.761855482131105,0.430847298861801,0.908415023275015
Buccal Cells,generalized_unifrac_PC2,1 Month,0.928387140008695,0.834933707283351,0.967104731100401
Buccal Cells,generalized_unifrac_PC2,12 Months,0.921151729663707,0.804405860387169,0.96956186812201
Buccal Cells,generalized_unifrac_PC2,5 Years,0.892079354409957,0.778481294584532,0.944787819437252
Buccal Cells,weighted_unifrac_PC1,1 Month,0.850054500443245,0.426400111489272,0.929211309440385
Buccal Cells,weighted_unifrac_PC1,12 Months,0.847990455378982,0.647554156239609,0.939435474223933
Buccal Cells,weighted_unifrac_PC1,5 Years,0.7280356900425,0.402428921552316,0.889697582187822
Buccal Cells,weighted_unifrac_PC2,1 Month,0.948358095696487,0.874144831401428,0.978732209018639
Buccal Cells,weighted_unifrac_PC2,12 Months,0.953510656582217,0.889948094628005,0.983537249314103
Buccal Cells,weighted_unifrac_PC2,5 Years,0.945052733334883,0.835400782637429,0.976084859601852
Buccal Cells,RA_Neisseria,1 Month,0.941459755991499,0.854963921339344,0.985748647544703
Buccal Cells,RA_Neisseria,12 Months,0.94365410572665,0.870894605072762,0.974194139716092
Buccal Cells,RA_Neisseria,5 Years,0.953229821503778,0.886809441972914,0.97514997844101
Buccal Cells,RA_Megasphaera,1 Month,0.906449601690248,0.789062285609395,0.973666243878618
Buccal Cells,RA_Megasphaera,12 Months,0.92302523497403,0.852940516815508,0.974140145313169
Buccal Cells,RA_Megasphaera,5 Years,0.838960323377023,0.633485512435677,0.935863976181331
Buccal Cells,RA_Prevotella,1 Month,0.821552454168718,0.602532869671753,0.92191647782985
Buccal Cells,RA_Prevotella,12 Months,0.814713624834418,0.577733077231476,0.928885194675908
Buccal Cells,RA_Prevotella,5 Years,0.676092544774481,0.41795008850587,0.840364653862149
Buccal Cells,RA_Streptococcus,1 Month,0.857704434253175,0.574046840960221,0.93404498661525
Buccal Cells,RA_Streptococcus,12 Months,0.873745204173088,0.729147288124205,0.954669433305115
Buccal Cells,RA_Streptococcus,5 Years,0.829148425069711,0.626831761167377,0.929081391565049
Buccal Cells,RA_Fusobacterium,1 Month,0.83506255524164,0.543668321000388,0.935842342900866
Buccal Cells,RA_Fusobacterium,12 Months,0.830702231296659,0.460021061712401,0.942373639974336
Buccal Cells,RA_Fusobacterium,5 Years,0.586252068497487,0.252659487157888,0.792707823841611
Buccal Cells,RA_Leptotrichia,1 Month,0.936802862218934,0.839392343219346,0.974593909565925
Buccal Cells,RA_Leptotrichia,12 Months,0.860750855124444,0.606402610910037,0.947449682151873
Buccal Cells,RA_Leptotrichia,5 Years,0.782551284243598,0.558884963488155,0.87104670029904
Buccal Cells,RA_Alloprevotella,1 Month,0.875699322713976,0.717805092661638,0.940102580760407
Buccal Cells,RA_Alloprevotella,12 Months,0.825909459947543,0.660871978453609,0.927191189850696
Buccal Cells,RA_Alloprevotella,5 Years,0.775591808501267,0.576241090667432,0.915522234224514
Buccal Cells,RA_Porphyromonas,1 Month,0.791999963365094,0.568463698528246,0.908095523296237
Buccal Cells,RA_Porphyromonas,12 Months,0.877689547300364,0.646581980069723,0.959224972982919
Buccal Cells,RA_Porphyromonas,5 Years,0.730892908223909,0.498693738707367,0.8810040746179
Buccal Cells,RA_Rothia,1 Month,0.864574812750786,0.724878580256317,0.938665760908774
Buccal Cells,RA_Rothia,12 Months,0.865140765325753,0.664812255579143,0.938536381922095
Buccal Cells,RA_Rothia,5 Years,0.799001141214742,0.515374074973225,0.926150957462583
Buccal Cells,RA_Veillonella,1 Month,0.884614802341304,0.738628406812165,0.95882251826782
Buccal Cells,RA_Veillonella,12 Months,0.853296444833371,0.579559925198556,0.938536659160364
Buccal Cells,RA_Veillonella,5 Years,0.69595591552145,0.32089780403021,0.862019817468399
Buccal Cells,RA_Gemella,1 Month,0.96980589230529,0.922718827521213,0.987748074058707
Buccal Cells,RA_Gemella,12 Months,0.881127861055328,0.727408112498717,0.968417695216352
Buccal Cells,RA_Gemella,5 Years,0.89163613445097,0.701408019390691,0.967187845335907
Buccal Cells,RA_Actinomyces,1 Month,0.753853810278424,0.397977048050868,0.877045758002342
Buccal Cells,RA_Actinomyces,12 Months,0.921131595328458,0.837280136430594,0.963324536960536
Buccal Cells,RA_Actinomyces,5 Years,0.915081541068451,0.821480538304115,0.967210004269467
Buccal Cells,RA_Haemophilus,1 Month,0.929480860081842,0.799247201235165,0.981625144103684
Buccal Cells,RA_Haemophilus,12 Months,0.942936613279546,0.848179733392225,0.974893526954846
Buccal Cells,RA_Haemophilus,5 Years,0.931093990517746,0.865168317298817,0.975938905909818
Buccal Cells,RA_Granulicatella,1 Month,0.833097014806546,0.67520191004888,0.945116026978655
Buccal Cells,RA_Granulicatella,12 Months,0.577025270162763,0.107984954878708,0.789987522355222
Buccal Cells,RA_Granulicatella,5 Years,0.567388422690219,0.173404971814071,0.81610221778322
Buccal Cells,RA_clr_Neisseria,1 Month,0.963695731945582,0.890267408502604,0.988740256374581
Buccal Cells,RA_clr_Neisseria,12 Months,0.969196955603651,0.934048253725,0.988694196145247
Buccal Cells,RA_clr_Neisseria,5 Years,0.96748570006281,0.923614829630967,0.987466160417742
Buccal Cells,RA_clr_Megasphaera,1 Month,0.970347582959187,0.914322791878742,0.990058958913532
Buccal Cells,RA_clr_Megasphaera,12 Months,0.956535446301173,0.872541911528058,0.987749842046386
Buccal Cells,RA_clr_Megasphaera,5 Years,0.92002770928929,0.812273793685956,0.970580378700034
Buccal Cells,RA_clr_Prevotella,1 Month,0.831124607916914,0.597225178067224,0.917881973601694
Buccal Cells,RA_clr_Prevotella,12 Months,0.834019455130936,0.520050542680134,0.917304981979365
Buccal Cells,RA_clr_Prevotella,5 Years,0.698011175884294,0.415131015879344,0.835946055117884
Buccal Cells,RA_clr_Streptococcus,1 Month,0.904502521543522,0.791441267362706,0.962946319117784
Buccal Cells,RA_clr_Streptococcus,12 Months,0.907646034529497,0.733400986166565,0.9631687564258
Buccal Cells,RA_clr_Streptococcus,5 Years,0.883186088494192,0.74713965661739,0.955326479296352
Buccal Cells,RA_clr_Fusobacterium,1 Month,0.871130596812594,0.667151565724929,0.964912580157439
Buccal Cells,RA_clr_Fusobacterium,12 Months,0.86655572516727,0.694134153394892,0.941893627246475
Buccal Cells,RA_clr_Fusobacterium,5 Years,0.712190068205635,0.33332904590178,0.908405743975141
Buccal Cells,RA_clr_Leptotrichia,1 Month,0.887408674955477,0.657461329862288,0.952045412898316
Buccal Cells,RA_clr_Leptotrichia,12 Months,0.86642575454559,0.735949319388321,0.938242865114747
Buccal Cells,RA_clr_Leptotrichia,5 Years,0.825371949190753,0.676321363828743,0.922935404671157
Buccal Cells,RA_clr_Alloprevotella,1 Month,0.757580745514597,0.499574770171692,0.878853018144211
Buccal Cells,RA_clr_Alloprevotella,12 Months,0.6381183539189,0.187259352241932,0.829154578238239
Buccal Cells,RA_clr_Alloprevotella,5 Years,0.625914454254492,0.177831096883148,0.831240422112968
Buccal Cells,RA_clr_Porphyromonas,1 Month,0.88375326027667,0.785968681716982,0.961066298018938
Buccal Cells,RA_clr_Porphyromonas,12 Months,0.902203629711302,0.793414602481745,0.967402957842934
Buccal Cells,RA_clr_Porphyromonas,5 Years,0.863134200715719,0.627072534720111,0.936387546289795
Buccal Cells,RA_clr_Rothia,1 Month,0.907955716124965,0.775953443463995,0.963883914828983
Buccal Cells,RA_clr_Rothia,12 Months,0.898514088583589,0.719915907584158,0.956634741381718
Buccal Cells,RA_clr_Rothia,5 Years,0.842412937100452,0.584037098074866,0.933450683345126
Buccal Cells,RA_clr_Veillonella,1 Month,0.876924724087064,0.719547082605087,0.955384597820377
Buccal Cells,RA_clr_Veillonella,12 Months,0.850454693123763,0.667880768469172,0.929335657383515
Buccal Cells,RA_clr_Veillonella,5 Years,0.747981584114559,0.381533891505423,0.895029595056699
Buccal Cells,RA_clr_Gemella,1 Month,0.971858527573802,0.930875045579719,0.989584315000702
Buccal Cells,RA_clr_Gemella,12 Months,0.939304436401994,0.804315984752117,0.981065092265033
Buccal Cells,RA_clr_Gemella,5 Years,0.868187329074957,0.664294544392547,0.941546580018208
Buccal Cells,RA_clr_Actinomyces,1 Month,0.829716603019086,0.602675938360895,0.926139255711842
Buccal Cells,RA_clr_Actinomyces,12 Months,0.903556442135971,0.810571072412521,0.967614905859375
Buccal Cells,RA_clr_Actinomyces,5 Years,0.87757283842988,0.728257334189781,0.957218878637683
Buccal Cells,RA_clr_Haemophilus,1 Month,0.939183788889644,0.877268439201058,0.973711471166532
Buccal Cells,RA_clr_Haemophilus,12 Months,0.937261211357599,0.852747349428653,0.972906890536154
Buccal Cells,RA_clr_Haemophilus,5 Years,0.913300012015025,0.786800467558554,0.965380888639577
Buccal Cells,RA_clr_Granulicatella,1 Month,0.848141518901932,0.701980522111983,0.946531603570135
Buccal Cells,RA_clr_Granulicatella,12 Months,0.693706203429982,0.444266855246594,0.867016909511927
Buccal Cells,RA_clr_Granulicatella,5 Years,0.638410568474243,0.303230444356759,0.852910457578942
Saliva,observed_features,1 Month,0.952159856204494,0.895119291933543,0.984208363885689
Saliva,observed_features,12 Months,0.92905128043562,0.819472321587553,0.966843586558369
Saliva,observed_features,5 Years,0.894442613988219,0.732882325254654,0.9597319887009
Saliva,shannon_entropy,1 Month,0.9414987106927,0.883140775644429,0.975466292801369
Saliva,shannon_entropy,12 Months,0.937873366914063,0.840115109996815,0.970316523282646
Saliva,shannon_entropy,5 Years,0.896818151729238,0.720174329403771,0.952733456340042
Saliva,pielou_evenness,1 Month,0.882968273691918,0.732698685335442,0.945657755787156
Saliva,pielou_evenness,12 Months,0.883848897851146,0.692953193245063,0.94792365994142
Saliva,pielou_evenness,5 Years,0.862833607347362,0.703562979059142,0.951170404605389
Saliva,faith_pd,1 Month,0.928978362529043,0.822529200156442,0.972338261432851
Saliva,faith_pd,12 Months,0.924054345065518,0.793467609063491,0.974527848951186
Saliva,faith_pd,5 Years,0.880643991631436,0.753530768548379,0.96158821029444
Saliva,bray_curtis_PC1,1 Month,0.981501962760084,0.957832875172433,0.991699525365326
Saliva,bray_curtis_PC1,12 Months,0.980218151317566,0.957514691225223,0.991046780026549
Saliva,bray_curtis_PC1,5 Years,0.979781667024393,0.949257327195074,0.991997715414098
Saliva,bray_curtis_PC2,1 Month,0.982262433201317,0.95306187662687,0.994431265751454
Saliva,bray_curtis_PC2,12 Months,0.984051113412088,0.969465553116105,0.993434702274182
Saliva,bray_curtis_PC2,5 Years,0.959577434146568,0.916990070443579,0.982576063578518
Saliva,jaccard_PC1,1 Month,0.968929904850393,0.914560105166136,0.989970317243587
Saliva,jaccard_PC1,12 Months,0.977439836159056,0.947001223761945,0.991704079814012
Saliva,jaccard_PC1,5 Years,0.965854067433655,0.908261774102623,0.990717901224208
Saliva,jaccard_PC2,1 Month,0.988568359673872,0.96540807672037,0.996005444557162
Saliva,jaccard_PC2,12 Months,0.995009077271318,0.987458076450836,0.998009866330382
Saliva,jaccard_PC2,5 Years,0.987457323431376,0.962913374845451,0.995090102206546
Saliva,unweighted_unifrac_PC1,1 Month,0.946889571731742,0.830810718323939,0.979920732146388
Saliva,unweighted_unifrac_PC1,12 Months,0.941398097435532,0.829942078865981,0.976611782915063
Saliva,unweighted_unifrac_PC1,5 Years,0.953338782872035,0.900753238492691,0.984341122489785
Saliva,unweighted_unifrac_PC2,1 Month,0.959054411428416,0.890553115066883,0.986215452516854
Saliva,unweighted_unifrac_PC2,12 Months,0.954377881180013,0.826459237789076,0.983451393401892
Saliva,unweighted_unifrac_PC2,5 Years,0.937196426389298,0.843778948260981,0.972080440843465
Saliva,generalized_unifrac_PC1,1 Month,0.930264084816367,0.864061612249584,0.972024532532823
Saliva,generalized_unifrac_PC1,12 Months,0.896909364085685,0.754018388053806,0.957066482188158
Saliva,generalized_unifrac_PC1,5 Years,0.894115008882683,0.646080234303718,0.95365288840338
Saliva,generalized_unifrac_PC2,1 Month,0.947737199346933,0.860522395583574,0.979193111012161
Saliva,generalized_unifrac_PC2,12 Months,0.961147347093348,0.905407004565722,0.985908080776523
Saliva,generalized_unifrac_PC2,5 Years,0.905481542753986,0.771058980613391,0.969262350829383
Saliva,weighted_unifrac_PC1,1 Month,0.920552431294202,0.749485951514439,0.969222052719303
Saliva,weighted_unifrac_PC1,12 Months,0.877794125437438,0.73883011950021,0.942411478340821
Saliva,weighted_unifrac_PC1,5 Years,0.855360469487314,0.677242399934212,0.92065004113481
Saliva,weighted_unifrac_PC2,1 Month,0.948824717419658,0.854881358400129,0.986015145686992
Saliva,weighted_unifrac_PC2,12 Months,0.975290721766036,0.94132584548518,0.992719595852105
Saliva,weighted_unifrac_PC2,5 Years,0.949519628490264,0.878872551236782,0.978296460291208
Saliva,RA_Neisseria,1 Month,0.948963290537897,0.819680533608507,0.979270641475123
Saliva,RA_Neisseria,12 Months,0.966336988560151,0.919008804301484,0.990638570180306
Saliva,RA_Neisseria,5 Years,0.974933365077338,0.926334852230136,0.989276300590337
Saliva,RA_Megasphaera,1 Month,0.934537840710621,0.842837049863076,0.969949186455561
Saliva,RA_Megasphaera,12 Months,0.949221428534921,0.894904177611351,0.980673708440672
Saliva,RA_Megasphaera,5 Years,0.954569622793136,0.906218325682796,0.984368018732678
Saliva,RA_Prevotella,1 Month,0.892581635145063,0.753149445490418,0.945511771187696
Saliva,RA_Prevotella,12 Months,0.833445902301207,0.588161312278201,0.942553856184652
Saliva,RA_Prevotella,5 Years,0.822150396154791,0.679391024156128,0.927379283899825
Saliva,RA_Streptococcus,1 Month,0.822876116396982,0.590674552673488,0.932457596498829
Saliva,RA_Streptococcus,12 Months,0.766477057867152,0.502423582636761,0.935147940238374
Saliva,RA_Streptococcus,5 Years,0.658071542686778,0.318570213594309,0.870900941935745
Saliva,RA_Fusobacterium,1 Month,0.802216371521184,0.536708424809257,0.935062516756114
Saliva,RA_Fusobacterium,12 Months,0.813855403317668,0.627890153080486,0.924649004722874
Saliva,RA_Fusobacterium,5 Years,0.717094170761826,0.352169677234833,0.922281796462677
Saliva,RA_Leptotrichia,1 Month,0.807808008246067,0.586597983735463,0.911715989173386
Saliva,RA_Leptotrichia,12 Months,0.709904182191221,0.224012789754126,0.859399034074825
Saliva,RA_Leptotrichia,5 Years,0.540907331398245,0.183999981150793,0.762016676302924
Saliva,RA_Alloprevotella,1 Month,0.930574660821473,0.780941803785065,0.971561332136442
Saliva,RA_Alloprevotella,12 Months,0.893039639836527,0.812893520876599,0.954456649362011
Saliva,RA_Alloprevotella,5 Years,0.846274641904895,0.675655390124903,0.928236632901594
Saliva,RA_Porphyromonas,1 Month,0.876715980116958,0.737738173306507,0.94617984446146
Saliva,RA_Porphyromonas,12 Months,0.859265410221684,0.684708795770507,0.954719770761279
Saliva,RA_Porphyromonas,5 Years,0.732871021450434,0.514685087825546,0.879008638675911
Saliva,RA_Rothia,1 Month,0.454976607084659,0.0242740570190237,0.7281972406828
Saliva,RA_Rothia,12 Months,0.58504508890256,0.105934968682392,0.809281460847775
Saliva,RA_Rothia,5 Years,0.669897933996513,0.163921156121532,0.85135508211875
Saliva,RA_Veillonella,1 Month,0.892613647613865,0.794264498537613,0.958912251715675
Saliva,RA_Veillonella,12 Months,0.819343468569657,0.505698022665091,0.914229611342419
Saliva,RA_Veillonella,5 Years,0.74523468517177,0.491755698754048,0.922130679991582
Saliva,RA_Gemella,1 Month,0.711298511136703,0.412577820763826,0.882742950994573
Saliva,RA_Gemella,12 Months,0.506784529089621,0.169393257032177,0.790640657787369
Saliva,RA_Gemella,5 Years,0.388155971042043,0.0104344368172814,0.778163166557471
Saliva,RA_Actinomyces,1 Month,0.385590212732618,0.0335025642209699,0.769258276563227
Saliva,RA_Actinomyces,12 Months,0.533664680190976,0.198235789194102,0.781278285450339
Saliva,RA_Actinomyces,5 Years,0.44285149199493,0.0601801929179549,0.728984414487021
Saliva,RA_Haemophilus,1 Month,0.877743801394514,0.703111894943503,0.953420285688456
Saliva,RA_Haemophilus,12 Months,0.866939023822319,0.475736414758015,0.95125478114141
Saliva,RA_Haemophilus,5 Years,0.829369017136747,0.658861521002945,0.920296890493711
Saliva,RA_Granulicatella,1 Month,0.744627047092047,0.445380059060976,0.930960626184167
Saliva,RA_Granulicatella,12 Months,0.452275903406574,0.0106961184760244,0.77609928826856
Saliva,RA_Granulicatella,5 Years,0.365392395994193,0.0108704054983416,0.746764231733277
Saliva,RA_clr_Neisseria,1 Month,0.976026291901352,0.949713079501009,0.993236821097066
Saliva,RA_clr_Neisseria,12 Months,0.984988079903177,0.953521272836625,0.992478553211658
Saliva,RA_clr_Neisseria,5 Years,0.986266251100771,0.967171651923972,0.995210380653088
Saliva,RA_clr_Megasphaera,1 Month,0.985154726596292,0.958280818065452,0.995826327373164
Saliva,RA_clr_Megasphaera,12 Months,0.990173773499533,0.97377055194172,0.996172433668997
Saliva,RA_clr_Megasphaera,5 Years,0.983892500183345,0.953395986049068,0.994463721711739
Saliva,RA_clr_Prevotella,1 Month,0.871444295467097,0.726506915470648,0.948321434080256
Saliva,RA_clr_Prevotella,12 Months,0.819868172571715,0.533659644866832,0.922977376890318
Saliva,RA_clr_Prevotella,5 Years,0.824780313410359,0.638875071027757,0.955763841296269
Saliva,RA_clr_Streptococcus,1 Month,0.799489866116812,0.612243927833022,0.908073928246619
Saliva,RA_clr_Streptococcus,12 Months,0.813984661563189,0.546486933664471,0.924920633368373
Saliva,RA_clr_Streptococcus,5 Years,0.764163046426385,0.486713899949704,0.892528557315513
Saliva,RA_clr_Fusobacterium,1 Month,0.837555379601953,0.613276611622152,0.936762190182458
Saliva,RA_clr_Fusobacterium,12 Months,0.814289990665937,0.53593500635789,0.934631828594695
Saliva,RA_clr_Fusobacterium,5 Years,0.67998197317665,0.225018609725397,0.894308691427352
Saliva,RA_clr_Leptotrichia,1 Month,0.876537579995985,0.702735867049029,0.945307283297013
Saliva,RA_clr_Leptotrichia,12 Months,0.891513192767315,0.686812571495776,0.962076350761902
Saliva,RA_clr_Leptotrichia,5 Years,0.792876101138091,0.514949618179913,0.91912003635212
Saliva,RA_clr_Alloprevotella,1 Month,0.883624418017151,0.772573441578094,0.94730381421838
Saliva,RA_clr_Alloprevotella,12 Months,0.831078636925551,0.580770834780128,0.934074265226743
Saliva,RA_clr_Alloprevotella,5 Years,0.813041304364557,0.516912120782883,0.928662358881226
Saliva,RA_clr_Porphyromonas,1 Month,0.923284811068726,0.836816649328893,0.97615932646615
Saliva,RA_clr_Porphyromonas,12 Months,0.897102182350325,0.773520296548552,0.958714096345409
Saliva,RA_clr_Porphyromonas,5 Years,0.888302753964089,0.745619515863784,0.950893790229709
Saliva,RA_clr_Rothia,1 Month,0.6853938244454,0.357900904693116,0.825569854564086
Saliva,RA_clr_Rothia,12 Months,0.770615193171468,0.511899508666951,0.901133407443951
Saliva,RA_clr_Rothia,5 Years,0.771803851544342,0.427027522780501,0.905604965901509
Saliva,RA_clr_Veillonella,1 Month,0.9192862629447,0.820529874947757,0.970216087456535
Saliva,RA_clr_Veillonella,12 Months,0.881731042274836,0.683707113408774,0.947570045631575
Saliva,RA_clr_Veillonella,5 Years,0.813320766695208,0.586598570760923,0.9111687975828
Saliva,RA_clr_Gemella,1 Month,0.826469409521668,0.539949955446191,0.941540278242379
Saliva,RA_clr_Gemella,12 Months,0.75118824367218,0.343167426650634,0.907512855212552
Saliva,RA_clr_Gemella,5 Years,0.696216575320376,0.326297870965429,0.85792637655737
Saliva,RA_clr_Actinomyces,1 Month,0.422948369901206,0.0017650676908845,0.734425633795143
Saliva,RA_clr_Actinomyces,12 Months,0.538708430900176,0.171862313572441,0.795724104717628
Saliva,RA_clr_Actinomyces,5 Years,0.568525277400443,0.168534087591686,0.817684400565772
Saliva,RA_clr_Haemophilus,1 Month,0.921397054559556,0.822166070822413,0.964601875987179
Saliva,RA_clr_Haemophilus,12 Months,0.905299507829154,0.782559100718537,0.963306756541396
Saliva,RA_clr_Haemophilus,5 Years,0.930414461172095,0.856677436677314,0.971200805177437
Saliva,RA_clr_Granulicatella,1 Month,0.834198276774665,0.658687549606946,0.933951909939269
Saliva,RA_clr_Granulicatella,12 Months,0.718565244843579,0.392197484016203,0.919285833745772
Saliva,RA_clr_Granulicatella,5 Years,0.683440947921866,0.361807566812539,0.902842304766129
